Product URL,Product Info
https://www.douglas.pl/pl/p/5011583209,"100BON | Aroma | Mycie rąk | 137,39 zł | 200 ml (68,70 zł / 100 ml)"
https://www.douglas.pl/pl/p/5010592015,"100BON | Aromacology Nouveau Souffle Roll-on | Perfumy | 92,71 zł | 10 ml (927,10 zł / 100 ml) | Nowość, wkrótce u nas"
https://www.douglas.pl/pl/p/5010540621,"100BON | Aroma | 1.04 Spray PEWNOŚĆ SIEBIE | Perfumy | 79,27 zł | Najniższa cena z 30 dni przed obniżką88,29 zł -10% | 30 ml (264,23 zł / 100 ml) | Nowość, wkrótce u nas"
https://www.douglas.pl/pl/p/5010606022,"100BON | Idees Claires Roll-on | Perfumy | 92,71 zł | 10 ml (927,10 zł / 100 ml) | Nowość, wkrótce u nas"
https://www.douglas.pl/pl/p/5010607008,"100BON | Doux Reves Spray | Perfumy | 79,27 zł | Najniższa cena z 30 dni przed obniżką85,99 zł -7% | 30 ml (264,23 zł / 100 ml) | Nowość, wkrótce u nas"
https://www.douglas.pl/pl/p/5010607009,"100BON | Doux Reves Roll-on | Perfumy | 92,71 zł | 10 ml (927,10 zł / 100 ml) | Nowość, wkrótce u nas"
https://www.douglas.pl/pl/p/5010607007,"100BON | Lacher Prise Roll-on | Perfumy | 92,71 zł | 10 ml (927,10 zł / 100 ml) | Nowość, wkrótce u nas"
https://www.douglas.pl/pl/p/5010592014,"100BON | Aromacology Nouveau Souffle Spray | Perfumy | 79,27 zł | Najniższa cena z 30 dni przed obniżką88,29 zł -10% | 30 ml (264,23 zł / 100 ml) | Nowość, wkrótce u nas"
https://www.douglas.pl/pl/p/5010607005,"100BON | Confiance i Soi Roll-on | Perfumy | 92,71 zł | 10 ml (927,10 zł / 100 ml) | Nowość, wkrótce u nas"
https://www.douglas.pl/pl/p/5010540623,"100BON | Aroma | Smak 1.05 LET GO Spray | Perfumy | 79,27 zł | Najniższa cena z 30 dni przed obniżką114,09 zł -30% | 30 ml (264,23 zł / 100 ml) | Nowość, wkrótce u nas"
https://www.douglas.pl/pl/p/5010606012,"100BON | Moment Present Spray | Perfumy | 79,27 zł | 30 ml (264,23 zł / 100 ml) | Nowość, wkrótce u nas"
https://www.douglas.pl/pl/p/5010540618,"100BON | Aroma | Smak 1.02 TU I TERAZ Roll-on | Perfumy | 92,71 zł | 10 ml (927,10 zł / 100 ml) | Nowość, wkrótce u nas"
https://www.douglas.pl/pl/p/5010606021,"100BON | Idees Claires Spray | Perfumy | 79,27 zł | Najniższa cena z 30 dni przed obniżką88,39 zł -10% | 30 ml (264,23 zł / 100 ml) | Nowość, wkrótce u nas"
https://www.douglas.pl/pl/p/5010592012,"100BON | Aromacology SOS Spray | Perfumy | 79,27 zł | Najniższa cena z 30 dni przed obniżką88,29 zł -10% | 30 ml (264,23 zł / 100 ml) | Nowość, wkrótce u nas"
https://www.douglas.pl/pl/p/5001773020,"100BON | Body Mist | Spray do ciała | 115,19 zł | 200 ml (57,60 zł / 100 ml) | Nowość, wkrótce u nas"
https://www.douglas.pl/pl/p/5001773019,"100BON | Baume Corps | Spray do ciała | 79,19 zł | Najniższa cena z 30 dni przed obniżką88,29 zł -10% | 200 ml (39,60 zł / 100 ml) | Nowość, wkrótce u nas"
https://www.douglas.pl/pl/p/5001773017,"100BON | Liquid Soap Hand | Mydło | 79,42 zł | 300 ml (26,47 zł / 100 ml) | PROMO20 | Nowość, wkrótce u nas"
https://www.douglas.pl/pl/p/5001773015,"100BON | Eau de Parfum Spray | Perfumy | 179,19 zł | 50 ml (358,38 zł / 100 ml) | Nowość, wkrótce u nas"
